Track,Artist,Album,Popularity
Tale Of Us,B.GROOVE,Tale Of Us,0
Time - feat. Jules Buckley,Tale Of Us,Time (feat. Jules Buckley),52
Without You,RIDERS,"TO THE SEARCHING, THE LOST AND THE FOUND",44
Swallow - Tale Of Us Remix,Monolink,Swallow (Tale Of Us Remix),46
America,Tom MacDonald,America,50
Nova,Tale Of Us,Realm Of Consciousness Pt. III,44
Notte senza fine - Kiasmos Remix,Tale Of Us,Endless (Remixes),44
Without You,RIDERS,Without You,41
Alone,Tale Of Us,Unity,35
Mystery (Tale Of Us & Mathame Remix),Adriatique,Nude Remixes,45
Mood,dvsn,Morning After,43
Astral,Tale Of Us,Astral,41
Leaning On You,HAIM,Women In Music Pt. III,41
Dark Song,Tale Of Us,Dark Song,39
6 Degrees - Tale Of Us Remix,Audiofly,6 Degrees,40
